{
  "config": {
    "atoms": 256,
    "trials": 48,
    "coverage_threshold": 0.95,
    "seed": 20260615,
    "block_bits": [
      24
    ],
    "max_arity": [
      8
    ],
    "modes": [
      "arith_arity_width_lotus_payload"
    ]
  },
  "results": [
    {
      "B": 24,
      "K": 8,
      "mode": "arith_arity_width_lotus_payload",
      "first_positive": null,
      "nearest": {
        "mode": "arith_arity_width_lotus_payload",
        "B": 24,
        "K": 8,
        "D": 168,
        "max_span_bytes": 24.0,
        "cover_rate": 1.0,
        "gain_per_atom": -0.4074585222396631,
        "gain_per_byte": -0.13581950741322102,
        "records_per_atom": 0.6346028645833334,
        "avg_selected_arity": 1.5757886637599385,
        "avg_lotus_payload_width": 34.65055142344191,
        "avg_local_payload_bits": 35.65055142344191,
        "arity_bits_per_record": 3,
        "witness_bits_per_record": 35.551295131724444,
        "total_bits_per_record": 38.551295131724444,
        "missing_bits_per_record": 0.6420685202976378
      }
    }
  ],
  "first_rows": [],
  "nearest_rows": [
    {
      "mode": "arith_arity_width_lotus_payload",
      "B": 24,
      "K": 8,
      "D": 168,
      "max_span_bytes": 24.0,
      "cover_rate": 1.0,
      "gain_per_atom": -0.4074585222396631,
      "gain_per_byte": -0.13581950741322102,
      "records_per_atom": 0.6346028645833334,
      "avg_selected_arity": 1.5757886637599385,
      "avg_lotus_payload_width": 34.65055142344191,
      "avg_local_payload_bits": 35.65055142344191,
      "arity_bits_per_record": 3,
      "witness_bits_per_record": 35.551295131724444,
      "total_bits_per_record": 38.551295131724444,
      "missing_bits_per_record": 0.6420685202976378
    }
  ]
}