{
  "config": {
    "atoms": 128,
    "trials": 24,
    "coverage_threshold": 0.95,
    "seed": 20260615,
    "block_bits": [
      8,
      12,
      24
    ],
    "max_arity": [
      5,
      8,
      16
    ],
    "modes": [
      "markov1_geometric_rank"
    ]
  },
  "results": [
    {
      "B": 8,
      "K": 5,
      "mode": "markov1_geometric_rank",
      "first_positive": null,
      "nearest": {
        "mode": "markov1_geometric_rank",
        "B": 8,
        "K": 5,
        "D": 38,
        "max_span_bytes": 5.0,
        "cover_rate": 1.0,
        "gain_per_atom": -1.2140757619082672,
        "gain_per_byte": -1.2140757619082672,
        "records_per_atom": 0.6399739583333334,
        "avg_selected_arity": 1.5625635808748728,
        "avg_lotus_payload_width": 9.436419125127161,
        "avg_local_payload_bits": 10.42472024415056,
        "arity_bits_per_record": 2.136317395727365,
        "witness_bits_per_record": 12.298362676945782,
        "total_bits_per_record": 14.434680072673148,
        "missing_bits_per_record": 1.8970705699807713
      }
    },
    {
      "B": 8,
      "K": 8,
      "mode": "markov1_geometric_rank",
      "first_positive": null,
      "nearest": {
        "mode": "markov1_geometric_rank",
        "B": 8,
        "K": 8,
        "D": 50,
        "max_span_bytes": 8.0,
        "cover_rate": 1.0,
        "gain_per_atom": -1.1013807988788054,
        "gain_per_byte": -1.1013807988788054,
        "records_per_atom": 0.6305338541666666,
        "avg_selected_arity": 1.5859576664945791,
        "avg_lotus_payload_width": 9.536912751677852,
        "avg_local_payload_bits": 10.52555498193082,
        "arity_bits_per_record": 3,
        "witness_bits_per_record": 11.455609298597516,
        "total_bits_per_record": 14.455609298597516,
        "missing_bits_per_record": 1.7467433217117658
      }
    },
    {
      "B": 8,
      "K": 16,
      "mode": "markov1_geometric_rank",
      "first_positive": null,
      "nearest": {
        "mode": "markov1_geometric_rank",
        "B": 8,
        "K": 16,
        "D": 46,
        "max_span_bytes": 16.0,
        "cover_rate": 1.0,
        "gain_per_atom": -1.0797732397037183,
        "gain_per_byte": -1.0797732397037183,
        "records_per_atom": 0.6276041666666666,
        "avg_selected_arity": 1.5933609958506223,
        "avg_lotus_payload_width": 9.534751037344398,
        "avg_local_payload_bits": 10.520746887966805,
        "arity_bits_per_record": 4,
        "witness_bits_per_record": 10.505360906900773,
        "total_bits_per_record": 14.505360906900773,
        "missing_bits_per_record": 1.7204685645071696
      }
    },
    {
      "B": 12,
      "K": 5,
      "mode": "markov1_geometric_rank",
      "first_positive": null,
      "nearest": {
        "mode": "markov1_geometric_rank",
        "B": 12,
        "K": 5,
        "D": 57,
        "max_span_bytes": 7.5,
        "cover_rate": 1.0,
        "gain_per_atom": -0.9260441648965717,
        "gain_per_byte": -0.6173627765977144,
        "records_per_atom": 0.6471354166666666,
        "avg_selected_arity": 1.545271629778672,
        "avg_lotus_payload_width": 15.396378269617706,
        "avg_local_payload_bits": 16.395875251509054,
        "arity_bits_per_record": 2.124748490945674,
        "witness_bits_per_record": 17.88987717683751,
        "total_bits_per_record": 20.014625667783182,
        "missing_bits_per_record": 1.4309897759367547
      }
    },
    {
      "B": 12,
      "K": 8,
      "mode": "markov1_geometric_rank",
      "first_positive": null,
      "nearest": {
        "mode": "markov1_geometric_rank",
        "B": 12,
        "K": 8,
        "D": 87,
        "max_span_bytes": 12.0,
        "cover_rate": 1.0,
        "gain_per_atom": -0.4167964463518022,
        "gain_per_byte": -0.2778642975678681,
        "records_per_atom": 0.6227213541666666,
        "avg_selected_arity": 1.6058546785154209,
        "avg_lotus_payload_width": 16.046523784631468,
        "avg_local_payload_bits": 17.045478306325144,
        "arity_bits_per_record": 3,
        "witness_bits_per_record": 16.973066463333225,
        "total_bits_per_record": 19.973066463333225,
        "missing_bits_per_record": 0.6693145233626432
      }
    },
    {
      "B": 12,
      "K": 16,
      "mode": "markov1_geometric_rank",
      "first_positive": null,
      "nearest": {
        "mode": "markov1_geometric_rank",
        "B": 12,
        "K": 16,
        "D": 88,
        "max_span_bytes": 24.0,
        "cover_rate": 1.0,
        "gain_per_atom": -0.7220377819768318,
        "gain_per_byte": -0.4813585213178878,
        "records_per_atom": 0.6256510416666666,
        "avg_selected_arity": 1.5983350676378771,
        "avg_lotus_payload_width": 15.992715920915712,
        "avg_local_payload_bits": 16.99219562955255,
        "arity_bits_per_record": 4,
        "witness_bits_per_record": 16.393615046113453,
        "total_bits_per_record": 20.393615046113453,
        "missing_bits_per_record": 1.1540583070930424
      }
    },
    {
      "B": 24,
      "K": 5,
      "mode": "markov1_geometric_rank",
      "first_positive": {
        "mode": "markov1_geometric_rank",
        "B": 24,
        "K": 5,
        "D": 67,
        "max_span_bytes": 15.0,
        "cover_rate": 1.0,
        "gain_per_atom": 0.41977985219327324,
        "gain_per_byte": 0.13992661739775775,
        "records_per_atom": 0.7122395833333334,
        "avg_selected_arity": 1.4040219378427787,
        "avg_lotus_payload_width": 30.957952468007313,
        "avg_local_payload_bits": 31.957952468007313,
        "arity_bits_per_record": 2.043418647166362,
        "witness_bits_per_record": 31.084611309255017,
        "total_bits_per_record": 33.12802995642138,
        "missing_bits_per_record": 0.0
      },
      "nearest": {
        "mode": "markov1_geometric_rank",
        "B": 24,
        "K": 5,
        "D": 68,
        "max_span_bytes": 15.0,
        "cover_rate": 1.0,
        "gain_per_atom": 1.4105390730626255,
        "gain_per_byte": 0.47017969102087515,
        "records_per_atom": 0.6982421875,
        "avg_selected_arity": 1.4321678321678322,
        "avg_lotus_payload_width": 31.55944055944056,
        "avg_local_payload_bits": 32.55944055944056,
        "arity_bits_per_record": 2.0638694638694637,
        "witness_bits_per_record": 30.30903004245764,
        "total_bits_per_record": 32.3728995063271,
        "missing_bits_per_record": 0.0
      }
    },
    {
      "B": 24,
      "K": 8,
      "mode": "markov1_geometric_rank",
      "first_positive": {
        "mode": "markov1_geometric_rank",
        "B": 24,
        "K": 8,
        "D": 67,
        "max_span_bytes": 24.0,
        "cover_rate": 1.0,
        "gain_per_atom": 0.3646260428054884,
        "gain_per_byte": 0.12154201426849612,
        "records_per_atom": 0.7340494791666666,
        "avg_selected_arity": 1.3623059866962306,
        "avg_lotus_payload_width": 29.992017738359202,
        "avg_local_payload_bits": 30.992017738359202,
        "arity_bits_per_record": 3,
        "witness_bits_per_record": 29.221486941675956,
        "total_bits_per_record": 32.221486941675956,
        "missing_bits_per_record": 0.0
      },
      "nearest": {
        "mode": "markov1_geometric_rank",
        "B": 24,
        "K": 8,
        "D": 68,
        "max_span_bytes": 24.0,
        "cover_rate": 1.0,
        "gain_per_atom": 1.3580670913890123,
        "gain_per_byte": 0.45268903046300407,
        "records_per_atom": 0.7197265625,
        "avg_selected_arity": 1.389416553595658,
        "avg_lotus_payload_width": 30.566711895070103,
        "avg_local_payload_bits": 31.566711895070103,
        "arity_bits_per_record": 3,
        "witness_bits_per_record": 28.49011022679825,
        "total_bits_per_record": 31.49011022679825,
        "missing_bits_per_record": 0.0
      }
    },
    {
      "B": 24,
      "K": 16,
      "mode": "markov1_geometric_rank",
      "first_positive": {
        "mode": "markov1_geometric_rank",