{
  "config": {
    "atoms": 128,
    "trials": 24,
    "coverage_threshold": 0.95,
    "seed": 20260615,
    "block_bits": [
      24
    ],
    "max_arity": [
      8
    ],
    "modes": [
      "markov1_arith_width_lotus_payload",
      "markov1_geometric_rank"
    ]
  },
  "results": [
    {
      "B": 24,
      "K": 8,
      "mode": "markov1_arith_width_lotus_payload",
      "first_positive": {
        "mode": "markov1_arith_width_lotus_payload",
        "B": 24,
        "K": 8,
        "D": 47,
        "max_span_bytes": 24.0,
        "cover_rate": 1.0,
        "gain_per_atom": 0.02690211368971962,
        "gain_per_byte": 0.00896737122990654,
        "records_per_atom": 0.7861328125,
        "avg_selected_arity": 1.2720496894409938,
        "avg_lotus_payload_width": 28.11511387163561,
        "avg_local_payload_bits": 29.11511387163561,
        "arity_bits_per_record": 3,
        "witness_bits_per_record": 27.520223030502727,
        "total_bits_per_record": 30.520223030502727,
        "missing_bits_per_record": 0.0
      },
      "nearest": {
        "mode": "markov1_arith_width_lotus_payload",
        "B": 24,
        "K": 8,
        "D": 49,
        "max_span_bytes": 24.0,
        "cover_rate": 1.0,
        "gain_per_atom": 0.12080822771814237,
        "gain_per_byte": 0.040269409239380785,
        "records_per_atom": 0.7679036458333334,
        "avg_selected_arity": 1.3022467147096228,
        "avg_lotus_payload_width": 28.767698177193726,
        "avg_local_payload_bits": 29.767698177193726,
        "arity_bits_per_record": 3,
        "witness_bits_per_record": 28.138034390571498,
        "total_bits_per_record": 31.138034390571498,
        "missing_bits_per_record": 0.0
      }
    },
    {
      "B": 24,
      "K": 8,
      "mode": "markov1_geometric_rank",
      "first_positive": {
        "mode": "markov1_geometric_rank",
        "B": 24,
        "K": 8,
        "D": 67,
        "max_span_bytes": 24.0,
        "cover_rate": 1.0,
        "gain_per_atom": 0.3646260428054884,
        "gain_per_byte": 0.12154201426849612,
        "records_per_atom": 0.7340494791666666,
        "avg_selected_arity": 1.3623059866962306,
        "avg_lotus_payload_width": 29.992017738359202,
        "avg_local_payload_bits": 30.992017738359202,
        "arity_bits_per_record": 3,
        "witness_bits_per_record": 29.221486941675956,
        "total_bits_per_record": 32.221486941675956,
        "missing_bits_per_record": 0.0
      },
      "nearest": {
        "mode": "markov1_geometric_rank",
        "B": 24,
        "K": 8,
        "D": 68,
        "max_span_bytes": 24.0,
        "cover_rate": 1.0,
        "gain_per_atom": 1.3580670913890123,
        "gain_per_byte": 0.45268903046300407,
        "records_per_atom": 0.7197265625,
        "avg_selected_arity": 1.389416553595658,
        "avg_lotus_payload_width": 30.566711895070103,
        "avg_local_payload_bits": 31.566711895070103,
        "arity_bits_per_record": 3,
        "witness_bits_per_record": 28.49011022679825,
        "total_bits_per_record": 31.49011022679825,
        "missing_bits_per_record": 0.0
      }
    }
  ],
  "first_rows": [
    {
      "mode": "markov1_arith_width_lotus_payload",
      "B": 24,
      "K": 8,
      "D": 47,
      "max_span_bytes": 24.0,
      "cover_rate": 1.0,
      "gain_per_atom": 0.02690211368971962,
      "gain_per_byte": 0.00896737122990654,
      "records_per_atom": 0.7861328125,
      "avg_selected_arity": 1.2720496894409938,
      "avg_lotus_payload_width": 28.11511387163561,
      "avg_local_payload_bits": 29.11511387163561,
      "arity_bits_per_record": 3,
      "witness_bits_per_record": 27.520223030502727,
      "total_bits_per_record": 30.520223030502727,
      "missing_bits_per_record": 0.0
    },
    {
      "mode": "markov1_geometric_rank",
      "B": 24,
      "K": 8,
      "D": 67,
      "max_span_bytes": 24.0,
      "cover_rate": 1.0,
      "gain_per_atom": 0.3646260428054884,
      "gain_per_byte": 0.12154201426849612,
      "records_per_atom": 0.7340494791666666,
      "avg_selected_arity": 1.3623059866962306,
      "avg_lotus_payload_width": 29.992017738359202,
      "avg_local_payload_bits": 30.992017738359202,
      "arity_bits_per_record": 3,
      "witness_bits_per_record": 29.221486941675956,
      "total_bits_per_record": 32.221486941675956,
      "missing_bits_per_record": 0.0
    }
  ],
  "nearest_rows": [
    {
      "mode": "markov1_arith_width_lotus_payload",
      "B": 24,
      "K": 8,
      "D": 49,
      "max_span_bytes": 24.0,
      "cover_rate": 1.0,
      "gain_per_atom": 0.12080822771814237,
      "gain_per_byte": 0.040269409239380785,
      "records_per_atom": 0.7679036458333334,
      "avg_selected_arity": 1.3022467147096228,
      "avg_lotus_payload_width": 28.767698177193726,
      "avg_local_payload_bits": 29.767698177193726,
      "arity_bits_per_record": 3,
      "witness_bits_per_record": 28.138034390571498,
      "total_bits_per_record": 31.138034390571498,
      "missing_bits_per_record": 0.0
    },
    {
      "mode": "markov1_geometric_rank",
      "B": 24,
      "K": 8,
      "D": 68,
      "max_span_bytes": 24.0,
      "cover_rate": 1.0,
      "gain_per_atom": 1.3580670913890123,
      "gain_per_byte": 0.45268903046300407,
      "records_per_atom": 0.7197265625,
      "avg_selected_arity": 1.389416553595658,
      "avg_lotus_payload_width": 30.566711895070103,
      "avg_local_payload_bits": 31.566711895070103,
      "arity_bits_per_record": 3,
      "witness_bits_per_record": 28.49011022679825,
      "total_bits_per_record": 31.49011022679825,
      "missing_bits_per_record": 0.0
    }
  ]
}