{
  "config": {
    "atoms": 256,
    "trials": 48,
    "coverage_threshold": 0.95,
    "seed": 20260615,
    "block_bits": [
      24
    ],
    "max_arity": [
      5,
      8
    ],
    "modes": [
      "markov1_arith_width_lotus_payload",
      "markov1_penalty_0.05",
      "markov1_penalty_0.10",
      "markov1_penalty_0.15",
      "markov1_penalty_0.20"
    ]
  },
  "results": [
    {
      "B": 24,
      "K": 5,
      "mode": "markov1_arith_width_lotus_payload",
      "first_positive": {
        "mode": "markov1_arith_width_lotus_payload",
        "B": 24,
        "K": 5,
        "D": 68,
        "max_span_bytes": 15.0,
        "cover_rate": 1.0,
        "gain_per_atom": 0.01956978321407014,
        "gain_per_byte": 0.006523261071356713,
        "records_per_atom": 0.7024739583333334,
        "avg_selected_arity": 1.4235403151065802,
        "avg_lotus_payload_width": 31.408016682113068,
        "avg_local_payload_bits": 32.408016682113065,
        "arity_bits_per_record": 2.0678869323447637,
        "witness_bits_per_record": 32.105464218270676,
        "total_bits_per_record": 34.17335115061544,
        "missing_bits_per_record": 0.0
      },
      "nearest": {
        "mode": "markov1_arith_width_lotus_payload",
        "B": 24,
        "K": 5,
        "D": 68,
        "max_span_bytes": 15.0,
        "cover_rate": 1.0,
        "gain_per_atom": 0.01956978321407014,
        "gain_per_byte": 0.006523261071356713,
        "records_per_atom": 0.7024739583333334,
        "avg_selected_arity": 1.4235403151065802,
        "avg_lotus_payload_width": 31.408016682113068,
        "avg_local_payload_bits": 32.408016682113065,
        "arity_bits_per_record": 2.0678869323447637,
        "witness_bits_per_record": 32.105464218270676,
        "total_bits_per_record": 34.17335115061544,
        "missing_bits_per_record": 0.0
      }
    },
    {
      "B": 24,
      "K": 5,
      "mode": "markov1_penalty_0.05",
      "first_positive": null,
      "nearest": {
        "mode": "markov1_penalty_0.05",
        "B": 24,
        "K": 5,
        "D": 120,
        "max_span_bytes": 15.0,
        "cover_rate": 1.0,
        "gain_per_atom": -2.3116126168014213,
        "gain_per_byte": -0.770537538933807,
        "records_per_atom": 0.6368001302083334,
        "avg_selected_arity": 1.5703514376996806,
        "avg_lotus_payload_width": 34.55514376996805,
        "avg_local_payload_bits": 35.55514376996805,
        "arity_bits_per_record": 2.1375079872204474,
        "witness_bits_per_record": 39.2518957315764,
        "total_bits_per_record": 41.38940371879684,
        "missing_bits_per_record": 3.630044196198832
      }
    },
    {
      "B": 24,
      "K": 5,
      "mode": "markov1_penalty_0.10",
      "first_positive": null,
      "nearest": {
        "mode": "markov1_penalty_0.10",
        "B": 24,
        "K": 5,
        "D": 120,
        "max_span_bytes": 15.0,
        "cover_rate": 1.0,
        "gain_per_atom": -2.343452623311838,
        "gain_per_byte": -0.7811508744372793,
        "records_per_atom": 0.6368001302083334,
        "avg_selected_arity": 1.5703514376996806,
        "avg_lotus_payload_width": 34.55514376996805,
        "avg_local_payload_bits": 35.55514376996805,
        "arity_bits_per_record": 2.1375079872204474,
        "witness_bits_per_record": 39.301895731576394,
        "total_bits_per_record": 41.43940371879684,
        "missing_bits_per_record": 3.680044196198832
      }
    },
    {
      "B": 24,
      "K": 5,
      "mode": "markov1_penalty_0.15",
      "first_positive": null,
      "nearest": {
        "mode": "markov1_penalty_0.15",
        "B": 24,
        "K": 5,
        "D": 120,
        "max_span_bytes": 15.0,
        "cover_rate": 1.0,
        "gain_per_atom": -2.3752926298222548,
        "gain_per_byte": -0.7917642099407516,
        "records_per_atom": 0.6368001302083334,
        "avg_selected_arity": 1.5703514376996806,
        "avg_lotus_payload_width": 34.55514376996805,
        "avg_local_payload_bits": 35.55514376996805,
        "arity_bits_per_record": 2.1375079872204474,
        "witness_bits_per_record": 39.35189573157639,
        "total_bits_per_record": 41.48940371879684,
        "missing_bits_per_record": 3.7300441961988327
      }
    },
    {
      "B": 24,
      "K": 5,
      "mode": "markov1_penalty_0.20",
      "first_positive": null,
      "nearest": {
        "mode": "markov1_penalty_0.20",
        "B": 24,
        "K": 5,
        "D": 120,
        "max_span_bytes": 15.0,
        "cover_rate": 1.0,
        "gain_per_atom": -2.4071326363326717,
        "gain_per_byte": -0.8023775454442239,
        "records_per_atom": 0.6368001302083334,
        "avg_selected_arity": 1.5703514376996806,
        "avg_lotus_payload_width": 34.55514376996805,
        "avg_local_payload_bits": 35.55514376996805,
        "arity_bits_per_record": 2.1375079872204474,
        "witness_bits_per_record": 39.401895731576396,
        "total_bits_per_record": 41.53940371879684,
        "missing_bits_per_record": 3.780044196198833
      }
    },
    {
      "B": 24,
      "K": 8,
      "mode": "markov1_arith_width_lotus_payload",
      "first_positive": {
        "mode": "markov1_arith_width_lotus_payload",
        "B": 24,
        "K": 8,
        "D": 68,
        "max_span_bytes": 24.0,
        "cover_rate": 1.0,
        "gain_per_atom": 0.05422385319768138,
        "gain_per_byte": 0.018074617732560458,
        "records_per_atom": 0.7012532552083334,
        "avg_selected_arity": 1.4260183358477427,
        "avg_lotus_payload_width": 31.43309736567251,
        "avg_local_payload_bits": 32.43309736567251,
        "arity_bits_per_record": 3,
        "witness_bits_per_record": 31.174373541011576,
        "total_bits_per_record": 34.174373541011576,
        "missing_bits_per_record": 0.0
      },
      "nearest": {
        "mode": "markov1_arith_width_lotus_payload",
        "B": 24,
        "K": 8,
        "D": 68,
        "max_span_bytes": 24.0,
        "cover_rate": 1.0,
        "gain_per_atom": 0.05422385319768138,
        "gain_per_byte": 0.018074617732560458,
        "records_per_atom": 0.7012532552083334,
        "avg_selected_arity": 1.4260183358477427,
        "avg_lotus_payload_width": 31.43309736567251,
        "avg_local_payload_bits": 32.43309736567251,
        "arity_bits_per_record": 3,
        "witness_bits_per_record": 31.174373541011576,
        "total_bits_per_record": 34.174373541011576,
        "missing_bits_per_record": 0.0
      }
    },
    {
      "B": 24,
      "K": 8,
      "mode": "markov1_penalty_0.05",
      "first_positive": null,
      "nearest": {
        "mode": "markov1_penalty_0.05",
        "B": 24,
        "K": 8,
        "D": 168,
        "max_span_bytes": 24.0,
        "cover_rate": 1.0,
        "gain_per_atom": -2.2600771084070868,
        "gain_per_byte": -0.7533590361356955,
        "records_per_atom": 0.6346028645833334,
        "avg_selected_arity": 1.5757886637599385,
        "avg_lotus_payload_width": 34.65055142344191,
        "avg_local_payload_bits": 35.65055142344191,
        "arity_bits_per_record": 3,
        "witness_bits_per_record": 38.468390425274535,
        "total_bits_per_record": 41.468390425274535,
        "missing_bits_per_record": 3.5614038866512288
      }
    },
    {
      "B": 24,
      "K": 8,
      "mode": "markov1_penalty_0.10",
      "first_positive": null,
      "nearest": {
        "mode": "markov1_penalty_0.10",
        "B": 24,
        "K": 8,
        "D": 168,
        "max_span_bytes": 24.0,
        "cover_rate": 1.0,
        "gain_per_atom": -2.2918072516362535,
        "gain_per_byte": -0.7639357505454178,
        "records_per_atom": 0.6346028645833334,
        "avg_selected_arity": 1.5757886637599385,
        "avg_lotus_payload_width": 34.65055142344191,
        "avg_local_payload_bits": 35.65055142344191,
        "arity_bits_per_record": 3,
        "witness_bits_per_record": 38.51839042527453,
        "total_bits_per_record": 41.51839042527453,